AddressCity,AddressLine1,AddressLine2,AddressState,AddressZIPCode,RecordNumber,FirstName,LastName,Email,PersonIndex,Gender,HomePhone,MaritalStatus,PersonID,SSN
Austin,dolore ea t,aliquyam consetetur,Texas,31244,937463544,First_Name_937463544,Last_Name_937463544,937463544@email.com,69,F,,Married,1,85374635
Boston,lorem,erat sit,California,23758,949524468,First_Name_949524468,Last_Name_949524468,949524468@email.com,90,M,,Unmarried,2,97244952
Houston,eirmod sanctus,ipsum at,Florida,22204-5052,929989712,First_Name_929989712,Last_Name_929989712,929989712@email.com,17,M,937463544,Unmarried,3,25523729
Washington DC,sit sadipscing,ipsum nonummy diam lo,New York,33171,913626428,First_Name_913626428,Last_Name_913626428,913626428@email.com,23,F,,Married,4,59884726
Los Angeles,dolore no dolo,takim,Florida,38763,993654848,First_Name_993654848,Last_Name_993654848,993654848@email.com,42,F,949524468,Married,5,47857472
New York,sed aliquam feugait,rebum kasd eleifend i,California,39731-6874,956498464,First_Name_956498464,Last_Name_956498464,956498464@email.com,77,M,,Unmarried,6,48942537
San Francisco,liber diam aliquyam eum,sanctus lo,Texas,21879-5208,967181567,First_Name_967181567,Last_Name_967181567,967181567@email.com,24,M,929989712,Married,7,84645646
Dallas,ipsum duis feugiat ea a,in clita kas,New York,82651s1648,921627686,First_Name_921627686,Last_Name_921627686,921627686@email.com,77,F,,Unmarried,8,18156752
Chicago,nonumy eum de,clita sit quod,New York,65416-8781,925348562,First_Name_925348562,Last_Name_925348562,925348562@email.com,36,F,913626428,Unmarried,9,21627686
Boston,ipsum er,facilisi,California,46278-6562,938252393,First_Name_938252393,Last_Name_938252393,938252393@email.com,79,M,,Married,10,68253485
Dallas,rebum gubergren in,veniam gubergren a,Texas,66292-3335,945282618,First_Name_945282618,Last_Name_945282618,945282618@email.com,85,M,993654848,Unmarried,11,55443825
Chicago,sadipscin,dolore,Florida,11415-7573,974572695,First_Name_974572695,Last_Name_974572695,974572695@email.com,57,F,,Married,12,23596245
Los Angeles,ipsum invidunt dolor e,vel justo erat,New York,82265,963332372,First_Name_963332372,Last_Name_963332372,963332372@email.com,70,F,956498464,Married,13,62552572
Houston,voluptua ipsum blandi,ipsum et,Florida,61831-7923,922735238,First_Name_922735238,Last_Name_922735238,922735238@email.com,69,M,967181567,Unmarried,14,14267728
Austin,eirmod accusam dia,at lorem lorem,California,08326-5637,979747416,First_Name_979747416,Last_Name_979747416,979747416@email.com,11,M,,Married,15,72843523
Washington DC,nonumy voluptua eir,at diam dolor eum vo,Texas,02063,968164326,First_Name_968164326,Last_Name_968164326,968164326@email.com,94,F,,Unmarried,16,52389497
San Francisco,dignissi,no magna sed,Texas,01597,957177767,First_Name_957177767,Last_Name_957177767,957177767@email.com,78,M,,Unmarried,17,74741646
New York,blandit ea et t,odio kasd accu,Florida,29253-6918,981289996,First_Name_981289996,Last_Name_981289996,981289996@email.com,82,F,,Married,18,68164326
New York,ipsum rebum invidunt,ut euismod d,California,61784-8146,937442725,First_Name_937442725,Last_Name_937442725,937442725@email.com,15,M,,Married,19,42571777
Dallas,doming jus,et no no sit aliq,New York,21272-7615,959874988,First_Name_959874988,Last_Name_959874988,959874988@email.com,53,F,921627686,Unmarried,20,72178128
